Breed,height_low_inches,height_high_inches,weight_low_lbs,weight_high_lbs,Classification,obey,reps_lower,reps_upper,Cat
All,,,,,,,,,
Newfoundland,26,28,100,150,Above Average Working Dogs,0.7,16,25,All
Briard,23,27,74,76,Above Average Working Dogs,0.7,16,25,All
Chesapeake Bay Retriever,21,26,55,75,Above Average Working Dogs,0.7,16,25,All
Clumber Spaniel,19,20,35,65,Above Average Working Dogs,0.7,16,25,All
English Setter,23,27,45,80,Above Average Working Dogs,0.7,16,25,All
Giant Schnauzer,25,28,70,75,Above Average Working Dogs,0.7,16,25,All
Gordon Setter,23,27,45,80,Above Average Working Dogs,0.7,16,25,All
Irish Setter,25,27,60,70,Above Average Working Dogs,0.7,16,25,All
American Staffordshire Terrier,17,19,40,50,Above Average Working Dogs,0.7,16,25,All
Bearded Collie,20,22,40,60,Above Average Working Dogs,0.7,16,25,All
Dalmatian,19,23,45,70,Above Average Working Dogs,0.7,16,25,All
Field Spaniel,18,18,35,50,Above Average Working Dogs,0.7,16,25,All
Kerry Blue Terrier,17,21,30,45,Above Average Working Dogs,0.7,16,25,All
Norwegian Elkhound,19,20,40,60,Above Average Working Dogs,0.7,16,25,All
Pharaoh Hound,21,25,45,55,Above Average Working Dogs,0.7,16,25,All
Portuguese Water Dog,20,23,42,60,Above Average Working Dogs,0.7,16,25,All
Samoyed,19,24,50,65,Above Average Working Dogs,0.7,16,25,All
Welsh Springer Spaniel,16,19,35,45,Above Average Working Dogs,0.7,16,25,All
Australian Terrier,10,10,10,14,Above Average Working Dogs,0.7,16,25,All
Border Terrier,12,15,12,15,Above Average Working Dogs,0.7,16,25,All
Cairn Terrier,9,10,14,14,Above Average Working Dogs,0.7,16,25,All
Puli,16,17,29,33,Above Average Working Dogs,0.7,16,25,All
Affenpinscher,9,12,8,12,Above Average Working Dogs,0.7,16,25,All
Yorkshire Terrier,8,8,3,7,Above Average Working Dogs,0.7,16,25,All
Akita,26,28,80,120,Average Working/Obedience Intelligence,0.5,26,40,All
Great Dane,32,32,120,160,Average Working/Obedience Intelligence,0.5,26,40,All
Irish Wolfhound,28,35,90,150,Average Working/Obedience Intelligence,0.5,26,40,All
Kuvasz,28,30,70,120,Average Working/Obedience Intelligence,0.5,26,40,All
Alaskan Malamute,,,,,Average Working/Obedience Intelligence,0.5,26,40,All
American Foxhound,22,25,65,70,Average Working/Obedience Intelligence,0.5,26,40,All
Boxer,21,25,65,70,Average Working/Obedience Intelligence,0.5,26,40,All
Curly Coated Retriever,25,27,65,80,Average Working/Obedience Intelligence,0.5,26,40,All
English Foxhound,22,25,65,70,Average Working/Obedience Intelligence,0.5,26,40,All
German Wirehaired Pointer,22,26,60,70,Average Working/Obedience Intelligence,0.5,26,40,All
Greyhound,27,30,60,70,Average Working/Obedience Intelligence,0.5,26,40,All
Rhodesian Ridgeback,24,27,70,85,Average Working/Obedience Intelligence,0.5,26,40,All
Scottish Deerhound,28,32,75,110,Average Working/Obedience Intelligence,0.5,26,40,All
American Water Spaniel,15,18,25,45,Average Working/Obedience Intelligence,0.5,26,40,All
Australian Shepherd,18,23,40,60,Average Working/Obedience Intelligence,0.5,26,40,All
Chinese Shar Pei,18,20,45,55,Average Working/Obedience Intelligence,0.5,26,40,All
Finnish Spitz,15,20,31,35,Average Working/Obedience Intelligence,0.5,26,40,All
Ibizan Hound,22,29,42,55,Average Working/Obedience Intelligence,0.5,26,40,All
Irish Terrier,18,19,25,27,Average Working/Obedience Intelligence,0.5,26,40,All
Pointer,21,24,44,66,Average Working/Obedience Intelligence,0.5,26,40,All
Saluki,23,28,35,70,Average Working/Obedience Intelligence,0.5,26,40,All
Siberian Husky,20,23,40,60,Average Working/Obedience Intelligence,0.5,26,40,All
Staffordshire Bull Terrier,14,16,24,28,Average Working/Obedience Intelligence,0.5,26,40,All
Wirehaired Pointing Griffon,20,24,45,60,Average Working/Obedience Intelligence,0.5,26,40,All
Bedlington Terrier,15,16,18,23,Average Working/Obedience Intelligence,0.5,26,40,All
Bichon Frise,9.5,11.5,10,18,Average Working/Obedience Intelligence,0.5,26,40,All
Boston Terrier,14,15,15,25,Average Working/Obedience Intelligence,0.5,26,40,All
Cavalier King Charles Spaniel,10,15,15,20,Average Working/Obedience Intelligence,0.5,26,40,All
Dachshund,7,10,16,32,Average Working/Obedience Intelligence,0.5,26,40,All
Shiba Inu,13,16,15,30,Average Working/Obedience Intelligence,0.5,26,40,All
Tibetan Spaniel,10,10,9,15,Average Working/Obedience Intelligence,0.5,26,40,All
Welsh Terrier,15,15,20,21,Average Working/Obedience Intelligence,0.5,26,40,All
West Highland White Terrier,11,11,13,15,Average Working/Obedience Intelligence,0.5,26,40,All
Whippet,18,22,27,30,Average Working/Obedience Intelligence,0.5,26,40,All
Rottweiler,22,27,90,110,Brightest Dogs,0.95,1,4,All
Doberman Pinscher,26,28,60,100,Brightest Dogs,0.95,1,4,All
Golden Retriever,21,24,55,75,Brightest Dogs,0.95,1,4,All
Labrador Retriever,21,24,55,80,Brightest Dogs,0.95,1,4,All
Australian Cattle Dog,17,20,35,45,Brightest Dogs,0.95,1,4,All
Border Collie,19,21,40,40,Brightest Dogs,0.95,1,4,All
Papillon,8,11,5,10,Brightest Dogs,0.95,1,4,All
Bernese Mountain Dog,23,27,85,110,Excellent Working Dogs,0.85,5,15,All
Belgian Malinois,22,26,60,65,Excellent Working Dogs,0.85,5,15,All
Belgian Sheepdog,22,26,60,75,Excellent Working Dogs,0.85,5,15,All
German Shorthaired Pointer,20,27,50,80,Excellent Working Dogs,0.85,5,15,All
Weimaraner,25,27,70,85,Excellent Working Dogs,0.85,5,15,All
Brittany,17,21,30,40,Excellent Working Dogs,0.85,5,15,All
English Springer Spaniel,20,20,45,55,Excellent Working Dogs,0.85,5,15,All
Irish Water Spaniel,10,23,45,65,Excellent Working Dogs,0.85,5,15,All
Keeshond,17,19,35,50,Excellent Working Dogs,0.85,5,15,All
Standard Schnauzer,17,19,33,33,Excellent Working Dogs,0.85,5,15,All
Vizsla,48,66,22,25,Excellent Working Dogs,0.85,5,15,All
Cardigan Welsh Corgi,10,12,25,35,Excellent Working Dogs,0.85,5,15,All
Schipperke,10,13,12,18,Excellent Working Dogs,0.85,5,15,All
Pomeranian,12,12,3,7,Excellent Working Dogs,0.85,5,15,All
Bullmastiff,25,27,100,130,Fair Working/Obedience Intelligence,0.3,41,80,All
Great Pyrenees,27,32,95,120,Fair Working/Obedience Intelligence,0.3,41,80,All
Saint Bernard,25,28,110,190,Fair Working/Obedience Intelligence,0.3,41,80,All
Bull Terrier,21,22,50,70,Fair Working/Obedience Intelligence,0.3,41,80,All
Dandie Dinmont Terrier,18,24,8,11,Fair Working/Obedience Intelligence,0.3,41,80,All
French Bulldog,11,12,17,28,Fair Working/Obedience Intelligence,0.3,41,80,All
Lakeland Terrier,13,14,15,17,Fair Working/Obedience Intelligence,0.3,41,80,All
Pug,10,11,14,22,Fair Working/Obedience Intelligence,0.3,41,80,All
Scottish Terrier,10,12,18,22,Fair Working/Obedience Intelligence,0.3,41,80,All
Sealyham Terrier,12,12,18,20,Fair Working/Obedience Intelligence,0.3,41,80,All
Skye Terrier,10,10,25,25,Fair Working/Obedience Intelligence,0.3,41,80,All
Tibetan Terrier,14,17,20,30,Fair Working/Obedience Intelligence,0.3,41,80,All
Chihuahua,6,9,2,5,Fair Working/Obedience Intelligence,0.3,41,80,All
Chinese Crested,11,13,5,12,Fair Working/Obedience Intelligence,0.3,41,80,All
Italian Greyhound,12,15,6,10,Fair Working/Obedience Intelligence,0.3,41,80,All
Japanese Chin,8,11,4,11,Fair Working/Obedience Intelligence,0.3,41,80,All
Maltese,8,10,4,6,Fair Working/Obedience Intelligence,0.3,41,80,All
